AAPL,AMGN,AXP,BA,CAT,CRM,CSCO,CVX,DIS,DOW,GS,HD,HON,IBM,INTC,JNJ,JPM,KO,MCD,MMM,MRK,MSFT,NKE,PG,SHW,TRV,UNH,V,VZ,WMT
0.021987220737205337,0.021554610035290453,0.009504142824648893,0.010620769956154623,0.019028742494790876,-0.009979328884910902,-0.007408013597653241,0.01641994059410391,-0.004138410506089079,0.03182731862578813,0.01325995910912356,-0.0035166536183114435,0.0020500455743218834,-0.012265836674294412,-0.043378194837139596,-0.00231152495954797,0.005460064844780618,-0.01066059858361628,-0.009660281606505011,0.0010397590930729676,0.007064639596406555,-0.0019528896929048721,0.03979160707461581,-0.00012424979092651972,-0.007883368617820673,-0.03685055863746315,-0.05865666912679715,-0.0035226467868048647,-0.0020626136878741843,-0.006433519566154821
0.005211382965499187,0.004671537178766572,0.010231121334191906,0.0181801918922631,-0.0014315014845030425,0.010861647316901559,0.017303326222335706,0.0026319951046388174,0.008259765130658693,-0.009442272577750667,0.010822681425738398,-0.0004572790271712172,0.004753380060185358,0.014906557637883443,0.027497816596583614,0.0028887218120075687,0.018411726944491467,0.006185827042144767,-0.0018685134536456825,-0.006712063247647411,-0.017879486162436203,0.015658036268665743,0,-0.002297798780138605,0.004217837031060544,0.02604323846266115,0.0032136524124124584,0.013014005159739384,-0.0009180845723708393,0.007654272960313434
-0.017001530537160636,-0.01789656089179604,-0.016593831846830446,0.012472865392972841,-0.016089128490494705,-0.00867248663349804,-0.006362989093353673,-0.006559142001199866,-0.0067972079254683,-0.03504118694126469,-0.017775311296946407,-0.010929122016886601,-0.004377308725128161,0.0017110423045875519,-0.022028302435859196,-0.004754615953598468,-0.013708303948198457,-0.004776638390743594,-0.0018720113330264437,-0.007218368590012686,-0.00037072894228085167,-0.002247782571864004,0.0018309424548666846,-0.002053949962708797,-0.02202037099616879,-0.019652013671783212,-0.015810446311492813,-0.006205256910844776,-0.01737153790669239,0.010014755280059425
0.0002856518218209976,0.01373022234153927,-0.017977451450354637,-0.0005032625431522383,0.007075643986192385,0.014169100501490908,-0.004944659350365877,0.038855507380184645,-0.010939769466948395,0.05590419740631842,-0.019386868278873474,-0.00038086069731846036,0.001878375370748188,-0.007033923425617944,0.06978044652959722,0.0033432902539098225,-0.031981822361171336,-0.010902925076259647,-0.0063566904134192016,0.012435620279242594,0.005792868471898832,-0.002212547157965789,-0.03469934553065616,-0.01639544983269217,-0.0008377811264835864,-0.010089584788844485,0.013051948840401137,-0.005877638759117907,0.006056436672690114,-0.023010567649119226
0.005366344294458053,-0.0016174716924595436,0.0011667129147174503,0.036308812449778384,0.019812962126876422,-0.010026478025271908,0.009864989295932965,-0.0014367825954231844,-0.00998232781396777,0.026487148859388826,-0.0010330584944531565,0.009586554224922923,-0.0045140563480096,-0.0009644715920546574,-0.006378912395073379,0.0031404224839406193,0.0013428832907191432,-0.010878820433977513,0.00461775580445737,0.014464799859304595,0.028351733212931857,0.013778453499477553,-0.004881962443571706,-0.002346125849375213,0.015884872111057127,-0.004182065726722419,-0.01568946860402826,0.00901305080967786,-0.01050548541087734,-0.0028881425182438513
0.0059969334396774284,0.012900345412558219,0.024558049860949196,-0.0022532416384511787,0.015175957091049281,-0.025988102122725447,-0.007389547000710702,0.007487331190407206,0.007845731314498675,0.012985015812715862,0.017870716173279372,0.006072446131072043,-0.008202093636067172,-0.009384325534526538,0.016081563622568695,0.00898184362396205,0.017607700685888992,0.004164988406101141,0.018160500322470984,0.008554299639895405,0.003696459178815265,-0.004039855451496449,0.014307105269457148,0.006139030245137037,0.0008244963400119463,0.0026207094280172633,-0.011287929945877923,-0.00526879513133123,0.002334352607912797,-0.02034818243482829
-0.005902195453381596,-0.017124819222669143,-0.017899954134708625,0.003311773111156336,-0.00591954811166981,-0.022604545262774202,-0.011850076980285033,0.007367178038440984,-0.01400014410587022,-0.022751049391756022,-0.00589777770090924,-0.00869014300831171,-0.003554003285117463,-0.013449810466367186,-0.016508285570702802,-0.005022534208429358,-0.004625694439191658,0.0014324209152787018,0.005081045477262657,-0.009452239423012534,-0.007886293481082864,0.0036624309212508993,-0.027030559337634097,-0.009127176006049235,-0.016911662994033343,-0.0059161414960753125,0.015208820020958368,-0.02259229706055914,-0.009802851370121374,-0.004860940816388343
-0.012101840180690205,0.005942891585945491,0.004528455790592348,0.016049314611297674,-0.00036963160964894026,0.006219151463248301,-0.0019149873336815305,-0.023847973115253895,0.0008338820064655336,-0.0449902937571099,0.011775141374446184,0.00010805238114347605,0.008987607245333823,0.0007049739283515986,-0.005563937717233752,-0.000509861084064386,0.006393920203561175,-0.005741362688367095,0.00654723971175796,0.013195489625182265,0.003711856891490076,-0.0005962429187498232,-0.005245746498328059,-0.02117134241467743,-0.00414225899559658,0.0038827631596363736,-0.011642815768454138,0.007359483951216392,-0.0009615760916942003,0.014512665723385389
0.0023460717008902156,-0.015334165055024373,-0.03252496689075874,-0.0022149126899100075,-0.0027886839039157497,-0.008119706813261171,-0.009481576625427961,-0.006350328025748141,-0.008286285044357525,-0.009246141450836454,-0.015242490079408344,-0.0314811626642848,-0.011661405909796729,-0.003848187036090842,-0.016443432652226832,-0.010577446609172494,-0.007475138919589607,-0.0015847438512772954,-0.007514609094722979,-0.008394403276406137,-0.026032077038972364,0.005550974992262568,-0.0036049627261891984,-0.007048744412691587,-0.01594659529226508,-0.019167198114632137,-0.02995381304106131,-0.009978420889333022,-0.007725786511573443,-0.004080065118529592
0.005008713863585393,0.022011426056001943,0.004015604133358132,-0.00043490370262720495,0.020159180578312102,0.0014354835258686837,0.0028241444267807637,-0.005123055613183542,0.007035169077609263,0.0053446811075948,0.008942015929035168,-0.0034635093002828464,0.006692427832334075,-0.0027629165408077183,-0.01008557284635882,0.06008986441306215,-0.002550653066990783,-0.0012985712763237932,-0.002405905804532755,0.0061753790596390384,0.011101069266217845,-0.00039555167850265354,0.0015267794288626783,0.006853626714289788,0.002386208392704135,0.006244946492686765,0.0026704749261850743,0.008264952479349635,-0.00024233148452804345,-0.0025191583624694664
-0.000666366230369783,-0.0025782888714429592,0.011000573371867247,0.004773305301225441,0.012491958127512528,0.0074540618666972475,0.013709966273202102,0.009691377309169259,0.019750271313132443,0.011307628354949082,-0.0042129635970846666,0.0045782553712348985,0.006270323629279989,0.0002836315836499581,0.004836180169251771,-0.010983657400446694,0.014173710725137872,0.018876654984490898,0.0049058918413280505,0.009349438204606717,-0.011101069266217912,0.011953190639386959,0.012131462315167988,0.012219266736978814,0.00011760188881643967,0.03743623808845602,-0.015226923705024068,-0.0002572429657313709,-0.007299245906374748,-0.0006307824284308075
0.00550807738367113,-0.011770533125839788,-0.023745632733775817,-0.007212107879671344,-0.01048365022441508,0.009574068878182311,-0.0036669972504319026,-0.008891303781994441,-0.006485266799384455,-0.00422541722644219,0.0034225730388036148,0.0010021581820399967,-0.007706790364728167,0.01363012855133163,0.01307213154345089,0.004408045378806922,0.004714540463795029,-0.010538297252228393,-0.011047265868779677,-0.037215636432536746,-0.01932184075595954,-0.0032297597105977057,-0.007012796348777078,0.003468420880221135,0.0005001732637553716,0.01576445732620786,-0.018994229977680445,-0.002174907004699594,-0.0026897993205657195,-0.00042071584746552446
0.006136992592796734,0.003758623076298709,-0.016303682255095975,-8.716266308347757E-05,-0.005180829241151069,-0.0003813531130854465,0.004252393754032271,-0.0024022487473688977,-0.004788262072866135,0.0017627607941451183,-0.003195921594251867,0.012827807943013308,-0.005596048736194825,-0.004066184219519327,0.0069025228890773225,0.004023654343946016,-0.0010304689023803485,0.0031445760904743646,-0.0044870469166605805,-0.0026792235853917087,-0.008162236135901998,1.9558339593982832E-05,0.02116255031744054,-0.0004514499815305609,0.0036102645862430924,-0.010317373855860925,-0.0018058994518063563,0.005400041967207664,0.03960669382007379,0.006501649517223065
0.008995536676261068,0.03265135495785647,0.0038543663070452327,-0.0036697795273157065,0.017213824876007356,0.004982268395959408,-0.002637271726556272,0.0024022487473690005,0.0018189307632190223,0.043762359665154835,-0.007949453925742886,0.018965301810227375,0.005765192868680698,-0.009705750067777954,-0.000860234795571637,0.02148799504797571,0.0015796751017683726,-0.005868265808572813,0.011531391916813752,-0.010657313266883505,0.028587592581045256,-0.0094354143529694,0.01833935813762507,0.020999589015022555,-0.0036102645862432278,0.013358358409819682,0.010541730371020656,0.0026180735123191553,0.011000633270550245,0.001879780665041324
-0.001166704251064248,0.011481514890318206,0.014752224194135183,0.023359523733172974,0.024623076275738127,0.013677427310576121,0.006726158326331689,0.020320094211484892,0.015410182446955866,0.023656006403866166,0.024134988999164615,0.014290480205558113,0.011306139205935553,0.0001773917424719917,0.010699866791927958,0.006943105114022093,0.018124003312019618,-0.0072036532783667905,-0.0035160738075792207,-0.0025164093620249632,0.028626784511097635,0.0011868250711565861,0.01787880250373842,-0.0002527277074325008,0.008403973644105568,-0.007676255486662815,0.025553708256589116,0.009701110322546412,-0.002797220558305958,-0.001775286861581277
-0.0018227781721994732,-0.00216920810715564,-0.0013291971195282957,-0.01122230657170662,0.004503562817020793,0.001794674178929076,-0.004820600583486264,0.017543701293891267,-0.008085355277534033,-0.19178344590724244,0.0023108312521860934,-0.008699921186277342,-0.06380602381937787,-0.07930132224226275,-0.03729836636657045,0.0027165147917582832,-0.0007079426120110444,-0.0008680307479244977,-0.012284918470449109,-0.010129339151613057,0.0015468186682847142,0.009854978140866937,-0.017480990536407073,0.0033429297168624827,-0.007992455873890962,-0.010441918157380704,-0.04879365256854103,-0.003722215060869182,0.005586638494342179,0.009569481588411068
0.0005611867643643862,-0.006405121794446823,0.010841119373232299,0.007710043056486918,0.009800030930724662,0.005253112309221508,0.0058402434578378815,-0.00637335804000273,-0.003943758831595925,0.017398626911698536,0.013534586541871703,0.006012670293937833,-0.0010696834806294372,-0.003037191281526063,-0.0891426854321509,-0.007458677313216508,0.006955991025299726,0.0010125166174127752,0.01345845594695938,0.013108545844381486,0.007108256380279937,0.005524303246285737,0.011207194705304627,-0.0032165578792345295,-0.0003233469435171303,-0.0035943386898912174,0.008862895810256191,0.00863571657997425,0,0.00896597945649739
0.0007946427095913475,-0.017405452585265737,-0.0027957908485986157,0.014271680642531129,-0.001869174535841113,0.0042273970994340495,-0.011273093855619061,0.009256965205820995,-0.009096969982808178,0.007809443015550694,-0.007338383109015904,0.005022876911215635,0.003739006536878752,0.013348065805458288,-0.0009666727310234562,-0.012435909739455298,-0.0011391955147140172,-0.01573700700140533,0.002509606092837513,0.005142998471779897,-0.0077029679892193885,-0.002358295404068372,0.03820153742685343,-0.0075457170805092455,-0.011652455679641693,-0.023801393149199775,0.003764308615535927,-0.004407014212739348,-0.016854333399417786,0.0014352568461251335
-0.013072742970519372,0.007506017443975216,-0.007105064538130044,-0.044678674276845215,-0.006697755460018506,-0.010639098551693277,0.0005887848534931376,0.004787677236865947,-0.0038288757259114276,-0.020829971453613063,0.011445327120796744,0.00029143614762858574,-0.015040571978368436,-0.00304393581031056,-0.013142095051658071,0.011306258562610678,-0.0041658125944052105,0.01876842020829127,0.011464000006711631,-0.0017113276490329178,-0.017157953688121178,0.00013660524372767702,-0.011550484210426256,-0.00318760296383881,0.0024066068944532293,0.019078554969099704,-0.07754390503684504,-0.011828803764200356,0.008228673175872942,0.007349224293238665
-0.010563439787344572,-0.007240544589086109,-0.016766359216341748,-0.0010621593056322784,0.009419571891476972,-0.009695762177671617,0.004697613026767204,-0.022345559777210512,-0.0030904357910856535,-0.05133508765791937,-0.0016818117280708094,-0.014037746963008937,0.001982482560535238,-0.008227056724438705,-0.003435571223342898,-0.005069018822420649,0.008681659078998379,-0.009121834706115516,0.0031007560827443297,-0.034653815335774996,-0.010707040719717814,0.0013062394425995454,-0.02128973597222424,-0.02410535322412154,-0.014919048686953191,-0.003469982851279006,0.018858043945658494,-0.0010823244207266668,-0.002578908658587043,-0.007554247310661895
-0.007104897662415208,-0.021024440291088305,-0.013605217370376324,-0.017870382930093288,0.00894357331468553,-0.02477486955517961,-0.0029334495779888537,-0.012582176742489163,-0.0036035952090663105,-0.02669071079854021,-0.00984644140632125,-0.012358395682959556,0.0008549240914155322,-0.027699033943458417,-0.026907498954083557,-0.015180969776809286,-0.011378512469442204,-0.012588079721781817,-0.011728108143881628,0.017577540897502963,-0.04541958925718208,0.038715532668236165,-0.026294751992879582,-0.01588954658562005,-0.0033189650877397873,0.005085101843191751,-0.06394724023965771,-0.015624009259275415,0.003748791526671098,0.003988505672819504
-0.025321519331393285,0.006013775465036941,-0.016982196364386724,0.00027041763320753345,-0.021530518949743276,-0.02982119716532829,-0.014350464381338787,-0.0015838839359517166,-0.021383950065229133,-0.06657297448309633,-0.01956575983266421,0.01659581719602668,-0.02108887507824805,-0.012321242584293306,-0.02505883038481953,0.01559944531985154,-0.023463848068748232,0.014186759970265679,0.009353960277691689,-0.03276523427008855,0.01486588056541978,-0.01775745886055766,-0.0009376572121271052,0.001195636287967239,0.037169137819893665,-0.007405071412828678,-0.048395570972600076,-0.01787369377040578,0.0028025399612182046,0.005191567631888465
0.004781584991822558,0.01690027671480817,0.014573680284944615,0.001980922901861782,0.01161900884391803,0.0062815867940585225,0.02035458183951655,-0.0023807482528064037,0.023396810694141033,-0.009220940793873393,0.0229321802185116,0.018980552656711596,0.014048167507852951,0.0076887720354316845,0.009791396786327445,0.021929464711776547,0.016757696644581783,0.0014511106289554414,0.004414218947480271,0.023676930071865974,0.00716308479582393,0.021760651919580744,0.002676706297367236,0.000729768157721213,0.01284641905163652,0.01795499220823796,0.01341008503442589,0.008217117293044111,0.0016310785590156129,0.011106767767995934
-0.0021168961182062526,-0.006179343606271905,-0.006552069437366033,0.011270263701269904,0.0012213651364459204,-0.01932798457682562,-0.01426394505837608,0.01315469922927235,-0.008667477944770786,0.035937416207774055,-0.007077107428379598,0.011980903675785864,0.0012221511341271938,-0.005212373331855248,0.03477299320663547,-0.0017554390367622943,-0.009869849517754527,0.001304291921503863,-0.01810998041016801,0.01490170963455313,0.011578018072969293,-0.01483970500642718,-0.005898177446604739,-0.0016596644933034922,0.012115412058369097,0.008217023056193418,0.04073904207967489,-0.013891067008300359,-0.006540713373955908,-0.002815539588596742
0.04965337441251654,-0.052718411923509685,-0.003715095687774179,0.0008001453115190004,-0.015105656826995014,0.006765204065532743,0.02472175305912211,-0.0017003279782129078,-0.026983580785867593,-0.049460683937053086,0.005298706737062667,0.003600006400769233,-0.008312781970423346,0.006402262056357767,0.010837510569283098,-0.0008790131964644685,-6.864840954640899E-05,0.006639730252766153,0.029321267687301207,0.00485199148642592,-0.0168511573489967,-0.005338583656342816,0.014680723752906747,0.015492954286051528,-0.0038700741551471528,0.009047438715920125,-0.021016062234954648,0.006822577007885706,-0.007527593704054667,0.039971710987801355
0.031298712343558535,0.00010542775403065838,-0.0027443972181148526,0.01012458001837067,-0.025094775227369002,-0.0338365001464713,0.00992023690721193,0.002484199809935248,-0.020083942586295093,0.014449206582472974,-0.006922989295521031,-0.0016300750949639516,-0.012161434729232359,-0.00843883994457464,-0.03185930900863447,0.005495182646768282,-0.01525215621152204,0.013148648302631903,0.0008123376912556537,0.0060814478644894586,0.011638974373641087,-0.007841026390804359,-0.015084099135835359,0.004112985716635711,-0.002283545802087163,-0.008331295022914088,-0.004526515414018592,-0.02277466739174017,0.014068307078010508,-0.0023246080363164175
0.04148529065897621,0.012322706083782544,0.00911902404886678,0.007843148095256896,-0.0014395775793293408,-0.0015372238354638818,0.026679480588217935,0.012006440345362562,-0.003994500862943011,-0.018212105229547616,0.0021235843801846745,0.0043410829201498405,-0.0012474474119673355,-0.025309529723661676,0.009063521241465694,0.010439198765852068,0.006322663865378098,-0.0012787194437495128,-0.008021485086846407,0.010228165941583016,0.003973773633326324,0.0023012910601698387,-0.0021542971553039367,0.00013031529361847444,0.006352462838902152,-0.0018482611366012274,0.02510423620650578,0.014023824233336467,0.004645857095852842,0.005898062497649743
-0.008372309739574823,-0.010953812407933798,-0.0040425214568931035,-0.01388784029142588,-0.019344607568218045,-0.03309751944280863,-0.015724077526315827,-0.010114838755002584,0.0010667658947244312,-0.016631265252366842,-0.002818457703621079,-0.0008254977557446254,0.000647139884518225,-0.024950645026584638,0.03448611935548051,0.002823077559947514,0.0027667229668324558,0.0058119214445942246,-0.003574834663927002,0.013026306541566317,-0.008213190473097511,-0.000517320119292145,-0.0022941291619870833,0.009530316132930454,0.006848239268706665,-0.0023055895908724376,0.00588161313493808,-0.0026163864286579104,0.0006948258130365165,0.0019261775668716324
0.010813758371364397,-0.0003858383474965923,0.02328929953910992,0.029005211876045982,0.01015535642081914,-0.004393354487290942,0.0099966374603155,0.006430904808353178,0.010341744028869334,0.03946015628276567,0.033012277075879864,0.021620970331234873,0.00258384904602314,-0.0064958773493361075,0.0546532547927826,-0.006001226436248771,0.011298049858075266,-0.0005654863589485814,-0.008976982377050751,0.01622220489564007,0.0033681698106010185,0.01421506451612655,0.011818741733063987,0.0007094869560693611,0.00985045394013927,-0.001249480519950131,0.03580581690047257,0.0042556996321881915,0.0016198484352540129,-0.002987210691603354
0.015897437361664515,0.015148758541806697,0.01199862632756614,0.0032619219179980184,0.0023958651157275413,0.022915912217962416,-0.013824394593160665,0.00921655216456548,0.02535297205022155,0.05423686215606164,0.001760651259076282,0.027841065233793708,0.012501580644241705,0.022324309357800932,0.0186241975826314,0.00944697854974909,-0.007953717404253168,-0.003541802052759386,0.01130700889865733,0.014777675736000922,0.029570826133563138,-0.01649832570302204,0.030245411452891134,0.0020613416399034,0.029551392880936736,0.020142007902454788,0.03840127782020973,0.017106538478492826,0.010579674183197819,-0.025708894341353757
-0.002360009613884975,0.0033126314035750184,0.0027986135414368894,-0.0007715735839018491,0.009143510025659113,-0.015561503388536615,-0.01574838320714027,-0.004565370575378958,-0.0028332888359575057,0.019443355411842795,0.0033648629198463616,-0.016991114741018613,-0.007032940734446977,-0.012406498886206327,0.07121068894095928,0.0017184338077531251,0.012417017789280007,-0.012999315959958678,0.012638203636291544,-0.02240893472421053,0.0006044155444235056,0.003642917950216858,-0.010547620086594132,-0.010803890286266335,-0.008877913421948219,-0.0026399831520207027,-0.0011779195268255076,0.008546011919974898,-0.004815906104651934,-0.0013872635805415128
-0.005125269260025916,0.02106555169761995,-0.007371250395731992,0.008837679803123253,-0.023532153803205814,0.03812913969257534,-0.04576448992819538,0.008918613852363977,-0.00794128890320729,-0.0004279965232047017,-0.022302566216477814,-0.002350786699761721,-0.0013830652419543716,0.010947430555310101,0.028915639283619836,0.01092917791631846,-0.01255482290780189,0.005305869995445801,-6.492093014875531E-05,-0.027571071668244105,0.01736877042897125,-0.004430971384685024,0.007563994441326917,0.004024546581036376,-0.0010423171931934663,-0.011232278674310514,0.11313517247235809,-0.002956638246629787,0.016868482916437583,-0.006131124975548283
-0.003027098981898543,-0.013071267374513793,0.005159053274646038,-0.01218819311393377,0.011823117452056995,0.0062908734954560145,0.011265602192241724,-0.007887892911563476,0.010002688334450506,-0.005150297564112287,0.00032842714484299253,-0.011787440583662547,-0.001708343494232594,-0.0011269534250323387,-0.037333229432876175,-0.002210374727215834,0.003573801937226149,-0.011363027299070553,-0.000744580561899632,0.003079476482168197,0.00011870292941988809,-0.005919476116473005,0.005958476082098106,0.00877206811172951,-0.01534768503917795,-0.002525745308175828,0.014628815656293329,-0.005034937706510453,0.003384699868844129,0.0069755968480314096
-0.001430291785831238,0.009963247678602474,-0.0030988089551173704,-0.03240266686460819,0.008326048367047638,0.008286331340414024,-0.0028418863620755853,-0.010536433877501505,-0.0024053905252132248,0.012401358067738831,-0.013192651102037453,0.031178522133236953,0.0015699317039850947,0.007613517589756565,0.06741370135532761,0.008755923765825124,-0.0029886074888235644,0.014361861416885693,0.007197826751382879,0.009635525679607,0.008394952789698722,-0.014276504165331777,-0.007128532333334919,0.01706387679271805,0.02498824399551976,0.014799949063317561,-0.013872545762017257,-0.0008463537600982464,0.012314058436405666,0.00584188240360592
-0.01993191816954049,0.003040666482479791,0.007485805480457325,0.0027517443306001085,0.01075693305279327,0.0018275869659990294,0.00522888462863804,0.007994193155237615,0.006600738358553644,0.023105321441972842,-0.0009708307916434875,-0.013499365294042782,0.00119893286255489,0.0052497215187991275,-0.07249841273183553,0.005832194600376626,0.005421031932125845,0.008094964766639129,0.006890865083772565,0.002652972795258179,-0.003184075127054339,-0.007976491622802652,-0.008097215162211015,0.006983194968992894,-0.0021766455659369254,0.020322563038124374,-0.01456781060570672,0.004312382317140103,0.0026667723689066925,0.012557881436721893
-0.00492334850628289,-0.0023302658265391364,-0.0007461337687602177,-0.005154599035714314,-0.006440176281595939,-0.002518874721011629,-0.0013420504796708569,0.015092491220786399,-0.0071168808738451906,-0.016328496350899963,-0.006584890096396702,-0.010107130658405841,0.0019336310597812907,-0.013072114213120092,-0.0017007195744271567,0.0005031554244386421,-0.0026381645505125562,-0.0005658863758335958,0.0004471471639759455,-0.0023937994785403448,0.01663374509377473,-0.001288299478559743,-0.0010495907310351935,-0.004902117576137467,-0.008946941330342437,0.001929746147731537,0.011638310204141425,-0.000698004592640618,-0.000666093407397402,-0.045986360074579825
0.012636557853807327,0.00115811996485217,0.03504102240681681,0.02490334327723751,0.0416667944754927,0.009957109631502502,0.00446639978307213,0.016766338350344887,0.022547462216936116,0.05821306718598208,0.035590701695540454,0.03724098457345617,0.024578103157117295,0.011173815517550435,0.053843201257135216,0.0020099203901109137,0.01623282956546283,-0.007529078390805496,0.0027101288213337385,0.027724600838865594,0.014874917553578159,0.005912290029565607,0.028469909556639014,-0.0003780378524962471,0.0246215883452144,0.004970793872659956,0.013327636956406026,0.018307334645947675,-0.0131889249297037,-0.011602342899408258
-0.0026378418247804086,-0.0180358125580781,-0.010583495525391192,-0.014223746090287292,-0.007765353122862422,-0.0016929684804262073,-0.0026773990896467805,0.0001264612231589225,-0.009722369784194518,-0.007595505700466433,-0.004187475462307711,-0.009468318250760407,-0.01001267847321385,-0.01104845944087301,-0.010131799243682795,-0.004920299008717741,-0.004533624002195092,-0.017259039114911306,-0.0020079859090857306,-0.013637715360519616,-0.02386035515532078,-0.005872544882251361,0.010028534581173691,-0.016009436893534925,-0.016028846835795946,-0.014399720910139007,-0.00836226920113018,-0.003491418949279418,-0.00473669971872951,-0.007879813653563068
0.0094202286822618,0.0038404632538665425,0.015085254714718761,0.034484711216830465,-0.0024086103138474383,-0.01680222028355157,0.018446536102115968,-0.005323803096552656,-0.0005098266735676165,-0.007249267849026951,0.013658617214479201,-0.0033315465810801652,0.008800272746224694,0.013276623518611955,-0.008179957968859137,-0.0035067510395307673,0.012368022868734972,-0.0029057091478749643,-0.001596538057982706,0.004609172705258167,-0.003757983647169327,-0.004412227578508171,-0.006589645041776557,-0.001153398805139659,-0.001472513690164077,-0.005338445020641801,-0.01463793558747662,0.006742814584141764,-0.006123197213986461,-0.00020806370955521377
0.005132719840409774,-0.0055752471276990755,0.005784807319995721,0.0033584611916351106,0.0032641819696310596,0.02599858161546349,0.0007309846515942274,0.011876280726871129,0.00373285869544883,0,0.0009608295210667946,0.0017160631648383586,-0.005903434022857703,0.009067173698991132,0.020325902698825452,0.001698243602132444,0.0023752416885406986,0.0014537400887266454,-0.004836766635983183,-0.0002556506174611637,-0.010883878442903455,0.009318203571517273,-0.007530009420866111,0.00632734329758603,0.0025617725271173384,0.004860948007548244,0.01141823541954362,-0.002366186431414044,0.007027187378110558,0.00031227866227859544
0.008940749184059526,-0.00822912600507586,0.013950387536436853,0.0022892398242853225,0.005163839426924094,0.017317953315528756,0.014361546914405035,0.0005022854091236656,-0.0038178659658415614,-0.00689519569605469,0.002065377513059985,-0.0019369790800651415,0.0004519710240079195,0.0036284767760480503,0.003214141883241318,-0.00760833415560443,0.005963210865767549,-0.006851724811446853,0.002533383927474813,0.006558651323907744,-0.01028227987501769,0.005706561968358172,-0.001795122829809059,-0.008381176237815698,-0.003326177441164403,-0.007115356541401975,-0.005246274582268768,-0.0013996151418335513,-0.007709771614085995,0.0003121811747581643
-0.0018076343154580796,0.007325860549484174,0.01303447013482059,-0.006286704070734593,-0.03717273393994369,0.0067348614160215115,-0.004909187276645448,0.0080019583654038,0.006270646675542821,0.0167864685900681,-0.0026398283627515648,-0.0016703140235628758,-0.008393034108434538,-0.009157435030082746,-0.02354004458206679,0.009755496677172383,0.001161823741526762,0.009173638460843663,0.004218922733767053,-0.012967588660657337,0.010876827674340998,-0.0058051995631202445,-0.007083445188558676,0.008890618356100706,-0.0009562028689289253,0.004540589592752132,0.024766091063455526,0.005472995279903424,0.006805781449961839,0.009011355706581223
-0.010479434881734952,-0.002749541357200468,-0.0003019054098778006,0.011439400349690109,-0.007161054562602149,-0.013317551657688187,-0.01884763752431371,0.007629633334625372,-0.0009296413592022989,-0.008972285702782672,-0.019511517722981573,-0.0011314979004627653,-0.008693687480571186,-0.008206450617028321,-0.00576613206082206,0.005010887171836839,-0.0057225521720612,0.0010141302630595312,0.01271665022917117,-0.008134347955223015,0.01603820551023665,-0.003103369107083713,-0.03543937771920125,0.00603127444912812,-0.013512365256956906,0.006753936972079989,-0.003459010060662555,-0.0048728953269562515,-0.009769377760930412,0.008930954157210624
0.0373823332188683,-0.010757611830659743,-0.02281403904176231,-0.02128826943105782,-0.0022377067989678323,0.014097750583617414,-0.0019193427463483571,-0.023571722184868357,-0.007553603696669983,-0.019860007162896914,-0.00039686268882164154,0.0034397023860459615,-0.016682469732207803,0.010708531397755952,-0.008711902785938856,-0.000337048807502094,-0.0006342127111027122,-0.0010141302630596327,0.001993227478472459,-0.014823842667320319,-0.01532515864391804,0.0004552682916525242,0.006038990212492277,0.0011386602785370163,0.005829056074343123,0.0116386098948579,-0.0029836276400901605,0.00228267276366651,-0.001370809788758389,0.016118786474408186
0.00547826662608221,-0.013299118176603291,0.021212444802084774,-0.0070391103839431216,0.01221073645473062,-0.04972456497698194,0.0047175836287865255,-0.002343609519154416,0.012109022003119056,-0.000836094194495556,0.024794105695450312,0.01537175677927415,0.00540587787819649,0.012538838425100304,0.025099058855975933,0.004260625995319067,0.014287588522144198,-0.010784021308089682,0.001894504740074409,0.022893856748321322,-0.0015454382874692868,0.005171154071776547,0.008128516276606289,0.006428064599328785,0.007546622130423697,0.010360143352599898,0.008087262550534827,0.0003419213902257665,0.010009117468467216,0.014872697047246385
-0.00037541330898129005,0.012559074766579614,-0.013488496793525205,-0.004952653220819914,0.006782778171754227,0.027287069842979114,-0.016161575427440927,-0.025888648118991667,-0.007603890214326056,0.024376339022735217,-0.014377079387153708,0.017481005862181653,-0.004238355591585958,0.00544670637639421,-0.004888027585775705,-0.001847861206551033,-0.03156390220814375,-0.004258173629803209,-0.008267679330049243,-0.001415600423835568,0.007821803745399085,-0.025864628358700167,-0.019295612130584026,0.005200403009517275,0.0180169998895994,-0.015180857378362306,0.016012631044275086,-0.022386080428353973,0.004516714893866684,-0.00416992627989488
-0.00758004513282915,-0.01223793234080053,-0.0024859740195574665,0.0058190035005397526,-0.0007092083685599621,0.006003691952338833,-0.00029901365153982415,0.0022101667917739393,0.007856379523656754,-0.021453021758012707,0.004918655459197218,0.0023602780866085723,0.002331039404571105,0.029965382992538453,-0.0004084226735171952,-0.0016826214550879764,-0.005006089068671909,-0.007829261605550648,-0.005038464569556749,-0.00840609452984956,-0.0073461730578812025,0.006443817121539332,0.0032417629737854694,-0.006331763251919776,0.00749010965342894,-0.0026924496238577155,0.015291923510735316,-0.002684090915568262,-0.024174387159815146,0.017456826522475585
-0.0149506219450665,-0.0007854180500505307,-0.0032936099655946536,-0.006211033374806812,-0.011155196506084321,-0.0008328321230378198,0.0068544487807904834,0.005504441664373527,-0.012446648686168727,0.006650020460911685,0.029316052598659766,-0.011014415732786961,-0.00256452653282029,0.011723702885395811,-0.0016352827894497537,-0.006589863825604877,0.016724626609272958,0.0063567828441361066,-0.0008955765341409302,-0.0059919443112617255,0.006164920701632219,0.0004214419360077569,-0.007444943145536516,0.002826053152510064,-0.03760915991071158,-0.003394156962797055,0.08287066607094483,0.004924978170253919,0.005754296563797233,9.781288597445879E-05
-0.032791271045805905,-0.005228534802557775,-0.0030570338023792327,-0.008752024894601414,0.011462589156310824,-0.0383767885871391,0.0116633687045362,0.018807952102029228,-0.013553197941891549,-0.012924804813248415,0.0073818480309609975,-0.005093127570014404,-0.011739931650754945,-0.008643576807338437,0.013412105826657179,-0.006633666179663718,0.008990757550597394,-0.0005896910865316059,-0.021279395388311112,0.0031957874003871066,-0.006878637912369935,0.003924773849070978,0.00879273837034811,-0.013320531547043315,-0.01093449885327596,-0.00044038051800481844,-0.003282088856707917,-0.0172117373201281,-0.001837793240290771,-0.018550156157908122
0.014185276809186579,0.015038540771143158,0.01829464583977345,-0.033656049649393,0.019829968649600828,0.01517875738767711,-0.00647928865052513,0.002911049181323246,0.011079284443748004,0.04873016688676766,0.019494792342730275,0.024360337685845345,0.016908720675269495,0.0005059491469005736,-0.006480372777914523,0.015298431040055675,0.016565237045192967,-0.0029532216575189436,0.008105802138994063,0.03769930867772299,0.013240611682547995,0.0012782561102659654,0.0010769089916655935,0.008101915986531788,0.0309335923897968,0.02573721527712417,0.01950405828188642,0.015757235044786225,0.0148354271749728,0.02206334685734734
0.017410496957209892,-0.022679534101502478,-0.012251448866639902,-0.018581513118938547,0.0003244852191616493,-0.0143957977712325,-0.017285443144603053,-0.007229757979502005,-0.009612152474772874,0.0007990943397181067,-0.005968850024530414,-0.0017256115894628801,-0.018043020865168877,-0.013987916278693299,-0.02177127193165453,-0.0024679955609650597,0.004408492992327468,-0.009062060361841127,-0.009872468208039387,-0.01008385263985079,-0.02786571110848974,0.017588555726204592,-0.018055333222699917,-0.004612569571102179,-0.023547280425588853,-0.00179093419068554,-0.0031156086269988692,-0.011890271898971032,-0.003858808902791885,0.008149885876735605
0.011173249798929598,-0.00722613143995399,0.005976443079456337,-0.0008802726614041551,0.010190778588296251,-0.000989063578682741,0.007338018945762645,0.0012720991249089166,-0.002936353143892255,-0.03536239468758747,0.008552372112268607,4.7254599230991025E-05,0.0013233153776583942,0.010987396864925544,0.028251644709569108,-0.003713538708283255,0.006463004798292994,-0.004370439339987894,-0.010963614269214921,-0.007694100338452719,-0.012023153881481162,0.01065103481439463,0.000410932503927214,-0.0067995205719823554,-0.008422026085079828,-0.00947364237652132,-0.0069035631053874225,-0.001120272913479217,-0.002276911200921035,0.0019307263834582292
0.006107248126145962,-0.004822001453156669,-0.0006724564743358529,-0.003389263036392534,0.01079168591778028,-0.013324437995085809,-0.0013437380824865754,0.014076300582806239,-0.0033787842379914405,0.012744225324360219,-0.0015646029647731839,-0.002985151084652477,-0.003737993515324814,0.004982873215279782,0.019984677533172433,-0.005312720180346327,0.0009384404534865775,0.00045299315000492065,0.004030691217252651,-0.0010218167696469077,0.0008635730251537257,-0.012339077089064716,-0.0038414217567965857,0.007749051185298444,-0.010925242986942555,-0.0158688912698426,-0.023588053402507983,0.0028864218565768616,-0.0029676555972849242,-0.0026073770670106853
0.003521013968839509,0.005951131380608877,0.0270286510687456,-0.001815428783664806,0.022416894203838005,0.013785123267660584,0.011734283671350465,0.0034415458224446743,0.00752167174580026,0.0024480645815399857,0.011001858778196111,-0.010614897664471375,0.0034545733166229664,0.006039498970441292,-0.014750151364416085,0.004184743378826987,0.008245489476055393,0.012004927979885024,0.005523879052139325,-0.008599177627184745,0.0006164771408979984,0.0019233021834196365,-0.006066477919871275,0.014322736400510822,-0.00850156123777314,0.011261840663172137,0.0053713452849623285,0.01798273488101261,0.010687931150936318,0.008185260114158762
-0.004655392669439339,0.004068683053159616,0.01673415724076232,0.004787472291385553,0.03553033394786595,0.008510052266159791,0.014076402231917234,-0.007838912965534725,-0.01073789261106285,-0.017677795520372717,0.012624276222580576,0.001150359457598827,-0.0070162696300281645,0.02259303225108273,0.20515133776929875,-0.017304568941898375,0.004736294017841951,-0.008689194705826667,-0.01263795500340994,0.0015455572873498157,0.004794971465029305,-0.003083015295126659,-0.0029083703580341756,-0.018952173114925062,-0.0018577837791301348,0.010381184059616456,-0.020076585499712155,-0.023438334388289284,-0.012289710200314446,-0.006446278223791968
0.03153058391446455,0.034142076481254426,-0.001610994464235093,-4.6415643891623554E-05,-0.0008997680530503027,0.011437490356536614,-0.006866865740169433,-0.016695988574367927,-0.009623012451386975,-0.026051898606020016,0.0008574874153311124,-0.004296792571807453,-0.003956471470494415,0.005268996486467734,-0.03292067121647841,0.01158857099853217,0.004936188316925597,-0.00045149329435562453,0.00410917263094245,0.007692451888845543,-0.0002453277205527456,0.018473142240245984,-0.01692467556882861,-0.00816975651036872,-0.007927086737765687,-0.0032437841836384066,0.005569517198677353,0.010091327810427805,-0.004360268799666199,-0.012334401608765496
0.042192900302590174,0.002065056265809011,-0.00041055165207244654,-0.016645999170489496,0.011847086991481813,0.010467468906741967,-0.006766611371322747,-0.0010248386027905637,-0.010604596438221033,-0.013716449322641582,0.0006954116512918485,-0.008916436995400298,-0.0017687768092112105,0.018484294013220375,-0.02811291389222776,-0.011301511711551247,-0.007461560400919563,-0.003317233129707633,0.0020152082678527817,-0.01765172049738089,-0.013711503878447594,-0.006741704761093789,0.005486416786590739,-0.01921693706096111,-0.0011250592904152267,-0.003218256628114537,0.013599224859981919,0.008017905610515914,-0.007386933051686682,0.004776900287966444
-0.006464105813548765,0.0028281910417573297,0.0014361038887704936,0.019840531654094357,-0.0017809231340903742,-0.020759440395550496,-0.0031044887329072395,0.008740878890983217,-0.002757800551822118,-0.01346963977137806,0.0009430328851495326,-0.0026491433399300807,0.0014822261017512675,0.0032008147723268485,0.019966237104328446,0.0135124553873532,0.0009596918787714564,0.0075234188217886055,0.0006599394641436694,0.015670081782014286,-0.005487713866893435,-0.010198490509050449,-0.0049223507834353294,-0.0037307073475661896,-0.005674087542000421,0.0005432178100146702,0.018549457375529498,-0.0165727428324092,0.004392526171833395,-0.0029219674862574147
-0.00836725849202465,-0.026820037079201435,-0.0029033629883148315,-0.005748162625647612,-0.0031241206024277797,0.00542364663084578,-0.0032625821933095133,0.011118213575384518,0.010457342649043041,0.011741747200255542,-0.017376464617139036,-0.002778263079254166,-0.0033978710775616114,-0.01745234178140145,0.06210711517800197,0.0006228757632444192,0.002172121755438379,-0.0039052063192377313,0.003752823655929249,-0.010872087146598144,-0.0036333426249947317,0.0018049158360357077,0.004080343580424335,-0.0005247146492405646,-0.004335207614237605,0.0014468434469835896,0.011779977792042545,-5.916698852879033E-05,-0.003929269769976935,0.0020463703115799867
0.01791159235712427,-0.029217213254126403,-0.0008816792913637763,-0.007325732345884216,-0.013004930988876543,-0.020294917801741072,0.007841844030093,0.009628201894967603,-0.0038865804457593953,-0.04103815234946671,0.002935966774839775,-0.005677755964291431,-0.004323862834834914,0.05068760930148152,0.08500751999570232,0.005868648455207604,9.562154107726212E-05,-0.007097955057348309,-0.006692642836425195,-0.010207091332249129,-0.026325793886472625,-0.00613457935532753,-0.028195074967765205,-0.001773037039942775,-0.008374068175381668,-0.008858618700425943,-0.017924978036179477,-0.011134089345189576,0.0039292697699768635,0.0031101208898214267
-0.005504221127631377,0.006615875204417548,0.004399653097075677,0.03556112347697971,0.004389673017858578,0.010240013096789197,-0.009328467006194064,-0.0034903859585795993,0.004239182668003645,0.0336612665879878,0.009704121604671363,0.00645843852412026,0.002356428297149897,0.01014588418252127,0.043466283392152395,0.01107900388196118,0.008292103857317773,-0.004709656702777945,0.009678523666147068,-0.0014387513321180423,0.012295289345952332,0.008699201183663099,0.0010103852071431027,0.0022977516891833825,0.005307830342911917,0.012826788738528435,-0.004292179260138781,0.00725872754830786,0.0059798740496137485,0.0010668646617367343
-0.0040401127374681736,0.0036199740839034,0.0018422880948422227,-0.01907249814989207,0.012481820796416554,0.006836917111943387,0.007410768781892534,-0.025676471119921607,0.01147874128528644,-0.003053469835091994,0.0020042187320604542,-0.00805501658805455,0.005221960359820899,-0.0159901187887638,-0.02915326396208643,0.010572042565254675,-0.0011712356138277417,0.005618476695758518,-0.007398643949794686,0.008276587872426803,0.000254637479148746,0.006120433528702793,0.003456876603676468,0.006731363042585534,0.0029496689827882994,-0.00454663399621188,0.003191933483197232,0.008235823456303476,-0.008289295384336684,-0.0007757954306942603
0.0007858061820065801,0.02959752334529165,-0.030099971125906785,-0.005774888375473279,0.01167853666543063,-0.03360615161454378,0.010283691472328887,-0.005202664887295606,-0.0024423948644317984,0.001745993616629233,-0.009709839031457484,-0.0039655453843508125,0.0058124752953169255,0.008399286459073198,-0.027342591841964282,0.020706931723277512,-0.0008239898251448029,0.0042308563086445525,0.002966049916618332,0.007113834395569603,0.0658658513681633,0.006488918695771688,0.0025846438152816037,0.0007813320814531365,0.009692750339918841,0.009789106922057035,0.00034751548082778266,0.0035801466556820787,0.016055420476117084,-0.000194135849325261
0.0032151674950933427,0.05615385344128106,-0.010897324688653875,-0.0029232551480626056,0.007662085514405783,-0.005542760563568617,0.004811576228671535,-0.004582491208061171,-0.013629629494300353,0.005219679094919053,-0.013705503270550914,-0.020369463077271593,-0.0015213423270425258,0.015229295118564924,0.06881400246743578,0.003391996009972705,-0.015076754567138207,0.006912272925325478,-0.011151520607520941,0.0052703170226831905,0.07126992142641733,0.003392318678860003,0.062133474462635715,-0.0030636511057466477,-0.014662494108951764,-0.007116497858562385,0.008650645959824125,0.018717565364702787,-0.002734033755790598,-0.0107307484179048
0.006555096245001334,-0.0036918726253651153,0.005826662222116392,0.010309111854957956,0.020075053397479024,0.01344393695982077,-0.0064207827787965965,-0.007858461966729234,-0.00719716444386451,0.027387309955405975,-0.007834434612370478,-0.005075590227968432,0.003941331626741385,0.0008025174906645852,0.037142463050873646,-0.0003763576565798145,-0.010222340684173855,-0.010235017412932042,-0.002131849203257272,0.017789591273232055,-0.00690267528660574,-0.007668304758186292,0.004974106685534823,-0.0074041645532406655,0.007823469868403661,0.010048970497992629,0.015441506440551344,-0.005419551364545485,-0.009859067026022555,-0.0025532961492275874
0.0034553030219053762,0.0016462668545539844,-0.0007265370551096251,-0.005210578893630921,0.014730756120008114,0.006176440847344151,0.00029468525982389345,0.0011730285224233398,0.002938491898650182,0.005472497406917742,0.01350889952013735,0.00012656635171775417,-0.009332128065486433,0.005738259488364093,-0.012680526022264922,0.014201304865002944,0.008031352622975722,0.008286309336829339,0.003661345524275682,-0.0008821004025117157,-0.003581440254681396,0.0031167465862329048,-0.03604477754448187,0.0014457848164172585,0.007820497085102905,0.01601162333858066,0.018153754259997986,0.01118158587353578,0.0062017773199382524,0.0036316350922635595
-0.005168026032186899,-0.012736504416301406,0.005285145871543153,0.015733153397109487,-0.0049736383514600675,0.02229902915953317,0.014470875326375116,0.0030561554169635293,0.002486423514604163,-0.016935171069813907,0.008570959547409078,-0.014610331264298925,-0.0002392173758549282,0.003634569116986493,-0.006537796972041015,-0.002547729908863207,0.0021044890431273096,-0.008286309336829303,-0.016549189207971274,-0.0173564588662719,-0.004382255978200104,0.021455827695391016,-0.010622029915943932,-0.012290492671199202,-0.028355662131267785,-0.006451700327984394,-0.0039779846359951875,-0.0016019163656089779,-0.05241472278275679,0.006153219567831361
-0.0008183005676312295,0.004816333103209266,-0.012182705358177944,0.00946677473030816,-0.017656721249790744,-0.024881785255481223,0.0011600668574215992,0.0057618385500658575,-0.0019531221580635903,-0.040075068956016716,-0.008988788058463686,-0.006493629942800477,-9.56246552102606E-05,0.01525858304401966,0.015726951846209244,0.0038720841506648786,-0.004830689828929094,0.010384671766097007,0.0009454080248938726,-0.003855158336192311,-0.013491521523690448,-0.008721831535095682,-0.032269995346984555,0.01406203139840974,0.0002672114751793248,0.007891550091191489,0.013537891954996073,0.008949770245986853,-0.0009656580763555595,0.005244241023517694
0.0061414329738929815,-0.0031178975104098547,-0.012734210111169158,0.015655371337022068,0.03117070774622118,0.0028738988633140246,0.019236874320986492,-0.007581378246246657,-0.005703584309757535,0.004434544684182276,-0.016780269033704342,-0.007838133280579453,0.00415440187836178,-0.01512040038039277,0.006970595022045581,0.004226446054921132,-0.011966560748913594,-0.010082072995011633,-0.006500684189781217,0.004304126331743839,-0.013907479337204584,0.0016589857908293844,0.0026085053900223665,-0.01220207478451291,0.0016899567235626896,-0.007785405435719952,0.017067412217757545,-0.0030123873646802,-0.0019342151237363102,-0.0032986772781660556
-0.01570052856314726,0.0027456622354060578,0.00191279677788835,-0.04224323884820052,-0.0035112828171259013,0.020175316231051253,-0.005274741660570959,-0.01375367754083643,-0.008076205868716296,-0.02327765566728387,0.004433075679587534,-0.016021827927988317,-0.02714614404105423,-0.004258303521857655,0.009836552372380684,0.007300975984682476,0.004921679784367424,0.00377384651154455,-0.0020059778759017087,-0.020202707317519466,0.012651093047854447,-0.004678862571105753,-0.01502020043698527,-0.000730210765260514,-0.01296999002673573,-0.02997526711563912,-0.006046601330916608,-0.012371186864564246,-0.011929540606252077,-0.011042327782262376
-0.035132010240949876,-0.018102839937317167,-0.023005272063161192,-0.02470073474961758,-0.018272938825626785,-0.014989762120212228,-0.029298589906907015,-0.0182342562457622,-0.016350549851683285,-0.06695695638479182,-0.020203827009716055,-0.005149647835539907,-0.016389744398910104,-0.03678543936772389,-0.03856485281109071,-0.0018857936310748586,-0.0153032148885125,0.010044286588038692,0.01083249813575412,-0.027386282040416255,-0.01740781797895881,-0.022142294719191255,-0.04262348304058368,-0.005928035616349001,-0.0012311773852016561,-0.015757058408476944,-0.03653180895207432,-0.009816457265748186,-0.007251034570557442,0.0006876174800250666
0.009697188915848344,0.007793592946669162,0.021459071185309025,0.022661608804870434,0.02702816691055785,0.02883391558391791,-0.00709019848506507,0.020210745339678718,0.009842389417050085,0.036609761730516804,0.028909890606199203,0.009587940136578236,0.009905394307156989,-0.0021619913323544706,0.023102054380203813,0.0009432604767584464,0.02325765549504561,-0.0035863123389414404,0.01038316936458803,0.015674861835677407,-0.0033781257986108663,0.0060291789089077265,0.03258188916987988,-0.014806002490320483,-0.0019550076161414898,0.0009622633009750856,0.01166643756012875,-0.001019035205642848,-0.0025125122852014824,0.002745601441119578
0.00044404353368307243,0.0049467614808400085,0.02966812890915268,-0.005862365019299569,0.044008887414995104,-0.036768241761582665,0.017631951669591025,0.0029572237061175504,0.008128655682929836,0.023074485828876525,-0.020571658511536126,0.02177144244082961,0.02770393327343399,-0.003867238424846232,-0.043658274415352714,-0.00026187813192298404,-0.01931053886433947,0.010572659554406163,0.014719081099867585,0.009419361356111261,-0.01173725085657408,-0.0009341673944619213,0.0038514864698374982,0.011259040334939716,0.009319345647521534,0.01926732759422108,0.0035347435360930995,0.014689270973005106,0.01992592039855384,0.04864096045355927
0.006316543897858392,0.011739587308367595,-0.00660126152911451,-0.0014009016982668787,0.012397458162965405,-0.013393763411411616,0.012447617994794054,-0.0018390199548925963,0.004845651524185155,0.012692783007562448,-0.0036785021262448095,0.0014947355341646663,-0.02972651371742936,0.01652046054208512,0.041775802641505044,0.001675304558461049,0.01187966536779382,-0.006389838498249718,0.002263082039731043,0.0061437848057704575,-0.006990102094693964,-0.00027266725767293955,0.012049993001328209,-0.01173389491238157,-0.007604692917584496,-0.02271285618346213,0.003383847767131877,-0.007751450112922021,-0.004201129545049423,0.016833533503057076
-0.00760886043856255,-0.0050917280691891295,-0.023066867380038176,-0.00990874581342226,0.012856033096438632,0.03904514503590971,-0.006204497032902691,-0.0026331693647110737,-0.0165173815866851,-0.013605758410050675,-0.012896438009854686,-0.0023461799294499613,0.003303178203263598,-0.017172420861779794,-0.008379596708209654,0.00495707234518178,-0.023667636439974726,0.007574087474349458,0.0002619117000411697,-0.013513613407697467,-0.002261494100128466,-0.0035510972261531644,-0.02394788346528274,0.014679383622059656,-0.003824328720911385,-0.029680994345114894,-0.012482372472675137,-0.03021860037664646,-0.0004955047536349982,-0.02375975425410956
0.01937056750233797,0.010090653191834414,0.07020523237028364,0.0049431781432617795,-0.025993084612388456,-0.011940922925775182,0.014940707143756005,0.00898991241937419,0.007163939239112962,-0.00045666625043857786,-0.009702725398643319,0.011574701287629644,-0.0010342015644758372,0.019058453428704006,0.004603885517339191,0.0057092617130431135,-0.003287973059531016,0.012497450746005011,0.008998810527195138,0.008090733159502669,0.010313650354401769,0.0038433358984866937,0.007898189462718837,0.011960235537721626,-0.002174475981703863,0.0016807363298873576,-0.00019629088427302932,0.019165185200396062,0.0046966342986843575,0.011764826852748532
0.03868097494530444,0.015013253316680705,0.008217338184097044,0.01805710266163479,0.01061739196809581,0.04504540671020555,0.007387415032215086,0.00910387805140338,0.011588894200431297,-0.011948747352718753,0.01657793503605461,-0.00771009641192567,0.015012877572198852,0.008390418369132652,0.02902614103698613,0.0025843752922850302,0.016002387675059772,0,-0.0010391663342957478,0.013922529150083393,0.017883643758243046,0.006230571987293041,0.0037039325112920942,0.003692100487926003,0.0015105517098143216,0.012290071028628237,0.02185699771744194,0.007343802224009916,0.006146222632219771,-0.006332047840103981
0.0020188933418115364,-0.00724590765519264,0.016290894118501417,0.002027217708452757,-0.012369462274976008,0.035275666508535246,0.000990416130980714,-0.004476587860475746,0.02068495541945385,0.00553261511463717,-0.005701884224665999,0.00515518017247057,0.014695163480873014,-0.005656754870361624,0.0005248086828496661,-0.009543576263081877,-0.01758328066511804,0.03981615458289091,-0.0009426499174333655,0.0738310250510825,0.01494801366416581,0.0016821661103704202,0.010884006157781055,-0.002240112805742179,0.0215037083147447,0.015301779167571866,0.002438750374055177,0.008096923960145793,-0.012330552802317228,-0.00778366503407266
-0.016576702058946933,-0.017283371129640533,-0.009106113440351178,-0.0030886191803998985,-0.02068324105725841,-0.026037273403395324,-0.0008488524502000049,0.011507855600582628,-0.010731092434619883,-0.002301469806968909,-0.01912831931613439,-0.00494951120520898,-0.011884017580608698,0.019173336392187965,-0.03198569072673618,0.005509095292817599,-0.010081152736363433,-0.005773524380496478,0.008516940220027592,0.003534330304290087,-0.00011413065849406083,0.0055481351276853155,0.010477412380250822,0.003818087918587187,-0.013774839824464062,-0.0031609219913486305,-0.010676119738621608,-0.0053424810120495485,-0.012484495508214044,0.008624013841136178
0.004362523603168023,-0.01049474840623085,0.0082893651830756,0.005433331042624152,0.012741753903503726,-0.006214793312624718,-0.005534680376776583,0.006343488759025409,-0.0004422927303943346,0.12176889195639523,0.008265573433425278,-0.010181018476149791,0.06583544752883545,-0.008768465671008157,0.03303448254199847,-0.0024390637974788,0.0014610176036580617,-0.012362284142793318,-0.010176990682110762,0.025796156907440408,-0.004920248410389958,3.838286627001202E-05,0.008648185884774883,6.58656765541721E-05,-0.006190284646334176,0.0022694475965185186,-0.0028810433912023893,0.0017358497667700715,-0.03580941661163853,-0.0026168604700193285
0.012404640585310558,-0.003865712291727351,0.007382607854713189,0.016305707168195474,0.004275217175844149,-0.0008629617743596328,0.0051100383850710635,-0.006407786317733267,-0.012015560184534448,0.012165615624036074,0.043143276046282486,0.004276225261259438,-0.020742128754272064,0.07585579457720598,0.003139692114505236,-0.01081319326783218,0.019833136315415504,-0.0032940785782048167,-0.003851423161374659,-0.01823046302790425,0.0035495749283633773,0.00584194641894034,-0.008214051603614788,0.008806384153610595,0.006759244509524223,0.002931505756968518,0.005671135449967264,0.004096207424935995,0.010877995426061703,-0.006477994503542172
0.022535316635468854,-0.0020584718835805044,0.01142914242324682,0.007426584707920614,0.008268314223033457,0.002508331013226918,0.010702874005765984,-0.0018016108294232488,0.00589226910137524,0.03641084837973616,0.0077643458937926525,-0.003653082496690197,-0.004962649192653717,0.018145681228134758,0.032385306200973726,-0.0005252819314194209,0.012272917898609495,0.005008223920475495,0.013673645534185267,-0.0005937019068083047,0.005812321394423014,0.01499383734595132,-0.007552630600116048,-0.004930416847103745,0.006208187914939396,0.001665819798345896,0.009554276152682612,0.0012657518197728332,0.010506218228295183,-0.016141584316502415
0.0007065606505676427,0.003188902034363585,-0.0017712134127770122,0.0014787349711391472,-0.004945230445465229,-0.004747665163062392,0.01708253974260402,-0.007433444249733263,-0.006160948106147088,-0.013696232600894559,0.0026547784505330523,0.0012450416605436136,-0.003073482245836028,-0.0016621604538557418,0.0491031873524462,-0.017867609934097008,0.003970482481727123,0.0014264522316360649,-0.011680786547053054,-0.009366713544246315,-0.011083969235142477,0.019654270339029917,-0.017056750639974482,-0.0024414181375863675,0.05321809203967248,-0.008208462897463575,0.005069340525514832,-0.0026485462005296943,0.0022915379177287495,-0.012521931902260626
0.0025988547161788934,-0.0010961687670770965,-0.00781378118219853,-0.0446390281147027,0.11006090822708338,-0.01107337191168504,-0.0179234223092145,0.00627369302449431,-0.01270920515021128,-0.020701351121413074,-0.011465780435357719,-0.020189425990377624,-0.007114505900491726,-0.01404711723395095,-0.0045854703047074116,-0.0017668614347351483,0.000491182110872553,-0.026136919399324676,-0.01330615621260041,-0.013274796094723507,-0.005183904704422931,-0.0009598140699903957,-0.03133258306213843,-0.01732569945375882,-0.024909097798192923,-0.000820776686182837,-0.03479809158818514,-0.016333308921981093,0.022382409684418614,-0.006905590380155099
0.006283446827328092,0.0007880059796606419,0.0018407532062832861,-0.06529418259557893,-0.0040046196375853466,0.020429265985789345,0.02190888155195828,-0.010239303309949394,0.014409483580305566,-0.04357450785477313,0.009026091011516694,0.003986312495096503,-0.0026964999199088797,0.005984497267616684,-0.02895908636069495,0.013044202451652246,0.012781579169299596,0.00917510806571259,0.00026452559337249176,0.010994463397126288,-0.0034711359243763426,-0.029590559153544842,-0.006909723692633206,0.005429880036500115,0.006256935623816022,0.011504566967428048,-0.03003043086993027,0.010928140498824254,-0.03158023770923443,-0.0022472556224741114
-0.003802262344922466,0.02178155092150079,0.005141786195993276,0.004687131129526916,-0.01015171828562774,0.014544112285755133,0.0027393162315504193,0.026990461479584324,0.006950103506626502,0.0020986941078411487,-0.0010002131097891433,0.00010541106619049317,0.0060781181980378,-0.008583518887097035,-0.0042420067530854234,-0.0009525770951542548,0.005414477864205968,-0.0011604838528879225,-0.01331440842624024,0.0003003264315656887,-0.003483046378257975,-0.015236525400138043,-0.004788102673081243,0.005267533703746032,-0.008544625022931405,-0.008857989456790819,-0.009296174046554213,-0.012511636248254897,0.01982284912969411,-0.01032404233173897
-0.004894215035782787,-0.007162876826227019,0.002464080700793428,0.01740803244427753,-0.011621856502145613,0.0035649028457737097,0.018162592822076728,-0.023609087508343472,-0.004449622740593777,-0.026339675324513985,-0.004889268870090664,-0.0032720220319311455,-0.017840585969535815,-0.008756266143457198,-0.012328792923812905,-0.013915402049192371,-0.005705275679017489,-0.013589619799370557,-0.006926758985005996,-0.02622689024890971,-0.04143773773412473,-0.0015074088681434853,-0.030495911549233524,-0.015751427943912672,0.002027314832514728,-0.0035801489782240356,-0.02301131184289192,-0.011333577157102571,-0.006817355435221422,0.004043893547594762
0.003672905070218473,0.0013490916919651787,-0.0031297762457413282,-0.032292919817828225,-0.04116232789378172,-0.026757167957580378,-0.029026963310391996,-0.0042286339685354765,-0.005814213135495773,-0.027937193535056668,0.006737134630820171,0.01242407880857337,-0.0066458588677476204,-0.012814352051773479,-0.06457230994680324,0.0032161351510236864,-0.00032336288111782616,0.010100403962864957,0.009536981883322537,-0.009913901106605142,0.01647177825629273,-0.0052357444173193966,-0.022926408377138167,-0.005759177919971896,-0.00772556295926246,0.035310320302274184,-0.008907473465416286,0.010041328117373164,-0.003807665669656862,0.006671309486389749
0.00037029605711407865,0.07516187454648433,0.014622579956072567,-0.002173569418224875,0.03863545181724136,-0.00694123469161461,-0.0030468023865799633,-0.0047703166429817635,-0.0009873669956052765,0.007936559191274803,0.0028536589729233064,-0.02441588715429596,0.0029986438182531445,0.01948656662015891,0.03580815644927607,-0.004612981965047585,0.007827002212750024,-0.0021871420360876177,0.021360453064207984,0.022961204000997385,0.006300075064524077,-0.014038629624112751,0.014269750430217474,-0.009421160057791518,-0.021245878512973864,-0.0022747795552857096,-0.009384036814982663,-0.0007642030528931186,0.009366027249765051,-0.007853188963017317
-0.0013707015250657905,-0.013439454517658258,-0.00019134084989637357,-0.005683538749411731,0.0011063814381231806,-0.054531211963743706,-0.014810836148122656,0.0018324003207206925,-0.007843157366056095,-0.024451243200476747,-0.006971737889455493,-0.012841524629966752,-0.005802185849411005,0.018250136909266874,-0.030153020929072735,0.005201435483692023,0.005567193966407921,0.00799586840070258,-0.02403771299502711,-0.00286426513419507,0.01633706527727052,-0.020035324263284925,-0.0035483931322345032,0.002329534517225729,-0.006303883503964042,-0.0014106089412598847,-0.01903636266758819,-0.009099060669449412,0.0032700137456793416,0.002067448650970648
-0.004830527423589156,0.01450184577712676,0.0076539429404578205,-0.009664872279961637,-0.011793178922631443,0.0025461791877873924,0.00042219170431101157,0.013508524419448822,0.002260107191504615,0.003145484590114429,-0.0015756757215125458,0.0055120982873245045,-0.009436362782305096,-0.01952221684263247,0.02361790440145903,-0.002141568085359098,0.0025172842072458262,0.021346126614711344,0.00418006828724481,0.006023794395677217,0.005811865514295327,-0.0005634228707259525,-0.013010443389203073,0.005799835699573237,0.019293623707883158,0.012768278141682387,0.008207219839714688,-0.0027935680365121637,0.005259815106446387,0.008909753885191683
0.004538407434672484,0.01074781233818303,-0.001792460805662093,0.0010271530315154379,0.013669150338775471,0.007599868966653963,0.014249908302027343,0.004055646322427719,0.013454275666381594,-0.008560578991851867,0.013716273052954786,-0.0018340200758435643,0.010252743909172298,0.014434184522859501,0.008357313912095765,0.009813950964535438,0.008493279321913457,-0.0004255326213575375,-0.0018703997607423817,0.01702251067187808,0.005432625889851323,0.018308848782548074,-0.004758435541311245,-0.010120470139992517,0.007001488885481725,0.009178314944231335,-0.008145117532160755,-0.0034880088593050892,-0.00450677349737861,-0.0016583538555233084
0.02137110593244862,0.04468277340345826,0.006178503249814181,0.0020512245071816677,-0.005128208638200887,0.011476688435264965,-0.005284996442289588,0.0037834175304508008,0.022987502534930395,0.009457411877748158,0.016311324934214257,0.010232811045396655,0.02189352549601544,0.014738923520688493,-0.014935419278814298,0.02836099728362619,-0.0040157961508534784,0.015338464978760472,0.02551577924702684,0.005946280740158852,0.04727940385537351,0.0052824917482013276,0.03792311387421717,0.020678156973662844,0.007358707218362411,0.012772613414073118,0.01808915680208503,0.012081492501420233,0.021105692312798026,0.009909712680326739
-0.006487791833362907,-0.0064323038323458905,0.007026181448325155,0.001484442857369224,0.008922469827632628,0.006197519584224109,0.03089416017946731,-0.01886603786103313,0.0155511321976997,-0.005843975027315118,0.03475806525199237,-0.008344802073256448,0.005870641320182484,0.004008314108159011,0.00026391240677911657,0.0028849031914820245,0.01506243753868183,-0.0013974403942037569,0.00035843291262622595,0.014187187746745364,0.005482482780610272,0.004824422150558545,0.016490263099179368,-0.0035743973394570003,-0.0010437799627191525,0.00038459504916135034,0.03484166362771481,0.0018607629237916501,0.0024539384327741443,0
-0.0019032501358421112,-0.0008328599145449439,-0.02180422535318703,-0.00471698046784659,-0.034568523678674634,-0.022983947977047715,0.045203916504121595,0.014632782114071692,-0.08066442212235252,0.041074406178402634,-0.040711772614234046,-0.008279260330357623,-0.008568758372906677,-0.03265656985003073,-0.053671404933180206,0.004414400738193518,-0.034707902380199454,-0.006171956842513304,0.002082865199028587,-0.0026924683058888775,0.016054194135192247,-0.015477005621992168,0.028106084739084245,-0.0003378322033508246,-0.017204518456792453,0.004498371685134689,-0.019477136836331926,-0.008296872434076622,0.007569499800516138,-0.008738714676552196
-0.0019804359095259394,0.0021998751511648337,-0.020917488717595228,-0.0003083914578674416,0.0008668592481039236,0.013344893446965591,0.007980431854175747,0.01302701260960614,-0.016963062926750976,-0.007819337174188661,-0.01827901478500584,-0.01563500516663796,0.001810210937161491,0.002718936830451291,-0.01091987297735601,0.0034766523420027597,-0.019149541651419435,0.0012655336569716564,-0.0017896151669836045,-0.013690238773616742,-0.00010760890928730172,0.013597025625161638,-0.028573429274553634,-0.0019619742065576508,-0.017516844072349866,-0.00045254542050575023,-0.0325833092544825,-0.018196019696737304,-0.0012170120260249467,-0.0005852902211085461
-0.018338265985077234,0.014651317294433605,-0.04562443415796061,-0.014029721494363101,-0.0035804258048861247,-0.027587144779551608,-0.0028244211090723377,-0.017923924928613232,-0.0010402365276823934,-0.056517263780917856,-0.019598781822054472,-0.012021375004606781,-0.014982975560157768,-0.028267189084886468,-0.023068127514237462,0.018457685187098692,-0.010728993900864112,-0.006768205194941741,-0.00696170037494307,-0.013154555106942287,-0.0006458967424008843,-0.005286604783278475,-0.019989611826266237,-0.012606953424739569,-0.01629794276185336,-0.00972376822850895,-0.004172049236433516,-0.013023003296324049,-0.001218494949215076,0.0045757304021107155
-7.469497556412872E-05,0.006650121371664483,-0.0017303910961003661,-0.011430455103870417,-0.009409113280402228,-0.015004635276338768,-0.00528527965286706,0.0033254467576160065,0.005566783866617135,0.008272116169231522,0.0009535996643769102,-0.06207797882037876,-0.023896087668715992,-0.02459579531199305,-0.011008142690754992,0.0021022216202012576,-0.0032011179660720833,0.007611005410346781,-0.0010172041684182872,0.0024155784965863803,0.03772434371878263,-0.02736658518824587,-0.006539618467598453,0.007991622862012026,-0.009160351312897833,0.008191041148160985,-0.021890113424373806,-0.014128540895239813,0.011395351861322931,-0.015269008437641975
0.004179013490990589,-0.0046329293680316885,0.011615348427179104,-0.020942378976619234,0.01132743513458201,-0.02436280874128665,0.013097344093294655,-0.012577120278541732,-0.015264596841309359,-0.025024506474492746,0.012405047479684472,-0.005901962372059708,-0.004607034855790793,-0.004909558109464215,0.022466346757853937,0.01247188860866745,0.012809587911146546,-0.0015456404724851127,-0.006092315227607889,0.004753824476792466,-0.014414298108616533,-0.013599922172871235,0.0023975373595768847,0,0.018207132193131356,-0.004822460446616389,-0.014421984822842602,0.009112135473587654,-0.007015873276363513,-0.007722794041334167
-0.008638599469070626,-0.018660058387062403,-0.0024402512079859553,-0.034625964014501485,-0.012699789941899652,-0.011075776005628023,-0.03835867170200824,-0.009205104490227612,-0.019000386989552004,-0.01703772783730317,-0.01575986172012083,-0.006357953924284486,-0.012833316593427695,0.006460240448991661,-0.043364911354085385,0.0027614969085799366,-0.01625557581322545,0.001405295510421632,0.004679623018242882,-0.011896616557089752,-0.0008419794453965632,-0.01613068922111437,-0.019505811789267875,0.008130555942557825,-0.005381632949030004,0.008302597815943679,0.007895219225997934,-0.0010804116583535944,-0.010494324284062197,0.06260472325806109
0.01948949882234899,0.01147154330249061,0.026096274198485928,0.0017822888966465842,0.00784272677071236,0.007690996092940873,0.008710490843713423,-0.002197838605237026,0.01526747213078838,0.057953591553957136,0.00042651998786749434,0.03238408288501556,0.00994304370281041,0.023953250403017216,0.025838227827078144,0.004078864606294729,-0.001207376518848415,0.02414091361260519,0.016919406419993895,0.020920464739404957,0.028954449296716825,-0.013276705058988399,0.02205676245555589,0.018254638990121086,0.027216848997953465,0.007682716091867257,0.02669953375947883,0.012919300384655346,0.011465038103494755,-0.01685307719951065
0.01618582582601152,-0.009645253708502036,0.008577629275671057,-0.0032328317765071934,0.01652247809498956,-0.0012776306371054772,0.0018380916687100203,-0.0015346885269957118,-0.022695164124088264,0.014755483657473721,0.021320615239544503,-0.019827119230771306,-0.00718290520770478,0.022209805321440203,0.03670922632115496,0.010489253269046355,-6.699860618521167E-05,-0.004947123115874107,-0.014489510042210507,0.008707335136268984,0.02664678373426274,0.00397416003412538,-0.013950345656330148,-0.02645334745425644,0.0027849428929558728,0.0026510402784271163,-0.0028794870370785915,0.00401648857603812,-0.025050488895333803,-0.012035664324843976
0.003798202195763628,0.02016617006933966,0.018676648364272252,0.01836542019497588,0.012448883195583313,0.03167697054038812,0.001048693255901062,-0.008180345290376962,0.013349707687080962,0.02930450309429122,0.01457618008674394,0.0421497653343703,0.012431690703605726,0.0011830832000080662,0.0011170320623465394,0.009333615159138399,0.016639236764600832,0.000275654827135371,0.01803907061240321,0.01160957283039027,0.051064179188180146,0.006288127313256544,0.02786582338180264,0.010221164492781846,0.013663531122975343,0.009785599683151633,0.02240817558944239,0.01575737500851567,0.009406010979460908,0.02786116929780003
0.00209182590417099,0.010092340006369653,0.0036608565296839773,0.024259342810830743,0.012487706151725873,-0.02583057045308696,-0.0032810654498690514,0.006576313046435633,0.0011609575427876083,0.030144512260674237,0.01691915190916231,0.012455197270625894,-0.005406646438494068,-0.004179826019856539,0.026984002277666286,0.004297091307764538,0.015197554611837881,0.00371153390814279,0.006261500262570468,-0.004323104448842624,-0.009796230816642878,0.017683784095154906,0.010155649157043005,-0.0016176792392360558,0.0021574146508065756,0.002787992597770784,0.010457444440189938,-0.0022144704197161113,0.007119309649240086,0.019436082132657743
0.004672952133414649,0.002579525396742304,0.0035652725603722603,0.011066307023344182,0.003532129271699632,0.0104211099833609,0.011371989663181209,0.010777235834009437,0.01000490893499672,0.012233879090058986,0.01221652864122665,0.004070831481106899,0.011512952323518977,0.017555536447585857,0.09701280844270511,-0.0030881912627817184,0.01752849003787704,0.0032876162444132164,-0.0018583075663264731,0.007291845386338977,0.001909736719007934,0.013319822731352777,0.004652491539008802,-0.000607174391883335,0.0008731975054753816,-0.005652236532059561,0.00018197248077952204,0.0019454047301803756,0.0056104828374808615,0.012841134234317644
0.015126209461309542,-0.023340911912443106,-0.013672037090367028,-0.013530240184084838,-0.013463950067264467,0.009884270916289937,-0.011766425706891754,0.009286303889466035,0.02177699363728586,-0.0004194149182989867,-0.01854774013103073,0.0011479801543893913,-0.010303160233882622,-0.009475010870862464,-0.013653012223226247,-0.007665153809092179,-0.01337632430319619,-0.009131246040946263,-0.020830997904523408,-0.00916724325880985,-0.02903522564691585,-0.010768997568688727,0.018054646492501793,-0.0048714478403492235,-0.006421732988350285,-0.00809107167895589,-0.020093053470707393,-0.012183688589543105,-0.00904104343195134,0.009187515162425745
0.010855683796743168,0.0025744480184162182,0.0010819001610133708,0.09664517066911887,0.02505055462125172,0.008042184708335252,0.010856213777873677,-0.015126228240943257,-0.018336938282566998,0.0008385731154733411,0.010295638468251638,-0.009277984600766788,0.015285723885025287,-0.0128078253336959,0.08294169216424696,0.0003895849416138758,-0.0033723515580409784,-0.017950231585038837,-0.00943262654876465,0.006315098480196344,-0.007887287160252807,0.006675328097538651,-0.007059508866373948,-0.010774113804226049,-0.011782442829138599,-0.006839113221290184,0.0041064878961517325,-0.0023333511646903386,-0.0031960513619856443,0.007859359506535504
-0.007153633631999635,0.020650731837714764,0.02038946171583293,-0.013924580788889841,0.015367142519866083,0.016940523435737345,0.011382856562840655,0.008878986457094656,0.00864319174900252,-0.004199915366740064,0.025864440025879145,0.010899913422270271,0.001655458584970147,0.002779610335992459,0.0066490466753291715,-0.00043821902427659587,0.013709697012462588,0.001978995758554718,0.022978190765350247,0.008878616280634275,0.01219886710418709,-0.025359686639780894,0.011027766646552719,0.00581064633028363,0.005171897860388232,-0.014840026924137465,0.04568355394506366,-3.033789878743585E-05,0.0014763476677894392,0.017635591451141335
-0.012215793279375341,-0.015344919431393333,0.00817017003705817,-0.0033134630753560955,0.012867251586109706,0.03595764036119565,0.00012863714222298742,0.004410002318116311,-0.0025566542815197556,-0.038177465433936804,0.0015049608826275083,-0.012564127508229175,-0.0064299555672277,0.017589363595533064,-0.0774181456450434,-0.013977330652467876,0.012638811865724882,-0.005096920895975716,0.0026936784996756244,-0.02231650950320599,-0.013585570629899714,0.006488829072488685,0.0006091868818518294,-0.009244499763397964,-0.011473388041535451,-0.005007654012463153,-0.018479529853329478,-0.007644163195372,0.01440273070255859,0.00375136029849851
-0.006863570983802831,-0.030656869498231078,-0.0021578002426702572,9.908991851332147E-05,0.00668698711554117,0.05162256323042975,0.0026969711021109003,-0.01495423955133926,-0.0016130970742182205,0.0039275149380232416,0.019771477159845563,0.00974804318721619,-0.004692804774316824,-0.00016224533223974555,0.022220419760174626,-0.0027200746817277123,-0.0033589019476901027,-0.006408039366053345,0.008680768154982614,-0.010631185288514599,-0.011664503826954173,0.004813310246453404,0.002584533049103053,-0.013226950573360596,-0.006761699435967385,-0.006953575614826604,-0.007766445325052997,0.01257722092626733,0.010367807768835084,0.002348330059386926
-0.003197560218945108,-0.026601876596740365,-0.02203110114218574,0.021463019324512545,-0.011119735468640347,-0.003999245758612125,0.011350007683550628,-0.008637148200357561,0.021885901838286217,-0.004364821674050725,0.014094678190253779,-0.01334254675598937,0.003443595145938399,0.004018576516050366,-0.027170943851531078,-0.0015363097535774667,0.0005393404279066412,0.0035651509109295783,-0.004637560446295646,-0.021241424081222014,-0.007953767892375455,0.016137000980794174,-0.03586165229120871,-0.03627203699132246,-0.018114999492332848,-0.003638047426940783,-0.015575465180058793,-0.013372387121135127,-0.00939883541818573,-0.01355692454993345
-0.0025582890023414006,-0.02324224083737768,0.004489232883072587,-0.029020377886782144,-0.003594101987980642,0.005724726549697645,0.008208708386051863,-0.0014804593101699901,-0.005683715593881721,0.010876705898356357,0.011346651977005717,-0.01334927935071769,-0.009524936657412074,0.004195964275082464,0.004950524091356383,-0.008267354294422343,-0.047757951935089235,-0.002280253789666106,0.003222797539766122,0.0068682032719089015,-0.02083616453233303,0.0020344823434482223,-0.0033104630254420387,0.00928163980603564,-0.0184804542528645,-0.002540057246029414,-6.177386604385837E-05,-0.0010407876775188158,-0.028489150040430535,0.013122454601919005
0.005755849221286536,0.004863092649925598,0.031538238121842956,-0.008268828148730504,0.03470597102318903,0.012109385841206568,0.00926385851843868,0.019473746213336217,0.016771372944344817,0.062074412414018725,0.014339154644021518,0.01682978533238941,0.00988940411891091,0.0070288251341369375,0.006889761099947563,0.03237670957787878,0.03144587004051251,0.0017105955560661637,-0.0008369919495614136,0.0034467479468379236,0.007506142248618516,-0.027737779361902727,0.0381086360083124,0.0013598530369545888,0.015848003259451734,0.0010423701011639324,0.014632875376813797,-0.002361184074055887,-0.005495877027250175,-0.016474298816662132
-0.0026939160410902646,0.006321531714365798,0.024512744622683044,0.009964308734043754,0.01653598553379663,-0.00702688827248015,-0.012287085291123934,-0.004567601688644588,0.023878701929183326,-0.0004067121773021596,0.024208705528771808,0.017866950517106402,0.009276927763857272,-0.006191800145214944,-0.0316379732712179,0.01666102302233247,0.023172809175109766,-0.01579124760446338,-0.0026441896234297674,0.01759162849837483,0.014138390667061188,0.010207703021102152,0.029208986468971503,0.006700390745014555,0.009243931806938745,0.016143520219293626,0.025140380884449306,0.05930008310496223,0.007486974953768413,0.020464227206753553
0.0008988517870461178,0.0011336148860081466,-0.006072144794757021,0.018119916452928153,-0.045320349345945504,-0.0004573885948610981,-0.018718176364599857,-0.0048552047594551725,0.0012552843918085044,-0.025130134503080402,-0.025649123487217925,0.006107840087872243,-0.0009806733130254938,-0.004838939812151049,-0.043980107717540844,0.007448070537825479,0.0035854319123925574,0.020196871714622915,0.022381764848426508,0.0017776897590904837,0.012944889188818875,-0.010270341829200724,-0.003993668839132975,0.014668782242870899,-0.0018540968019177674,0.008553491143666837,0.015061390770786994,0.006344905707425495,0.016521148594882303,0.012199214571284228
-0.015098445975886323,0.023545156932763118,2.622569957513439E-05,0.005465003861373786,-0.013691067167518728,-0.029606985676057133,0.005767371127474839,-0.0012675323649050108,-0.0032529225061305456,-0.0219324364384368,0.0018339778611176079,-0.007423565307403141,0.019381313897321718,-0.0018772579951028124,-0.00796613487706935,0.012166866969826115,0.0046983093242535055,0.006360937754075912,0.006326363042499368,-0.019127864002298343,0.008111749508870215,-0.007783156157861534,0.004584065877027256,0.01590480650191291,-0.0007304408777756979,0.018336996066730064,-0.0021670783732381546,-0.002705992771173903,-0.002203552208546333,0.0007709555577592819
0.0018224589395023538,0.004386193936423088,-0.004768647509006799,0.005870843354498563,-0.0014083228358892762,0.0012954035800995742,-0.008985919591465554,-0.020570675351049963,0.01017527017589617,-0.026357191792120142,-0.011805186237868536,-0.012146628124660162,0.004093919742907937,-0.017913695772195693,-0.005346095305961638,-0.02300141969055917,-0.014066464250441285,-0.008490200899886538,-0.013360307397541425,-0.015202470906794994,-0.020048054377977083,0.003301087054829448,-0.009785091190054966,0.0005510769950915925,-0.0017674768442252039,-0.0033781347624519844,-0.020436072615811717,-0.005144607209951778,-0.0012261681554537511,-0.011799809741679176
-0.010138194827446007,-0.0022366889620378345,-0.013591735540443853,-0.001840039619250717,-0.047001188029636605,0.012591596742554036,-0.020189633731672398,0.0186997995822885,-0.008908994746746439,0.010019713219813525,-0.007787745511883768,0.01147412214343545,0.00818791882450557,0.00046171463536623397,-0.03435458147306244,0.004909087016172675,-0.001807884697128184,0.004254110861795803,0.013234747408492141,-0.006331317804690152,0.00921762235145223,-0.0005669737926510515,-0.0215353460575755,0.01774671306151539,0.00024400144581845297,0.00571542603848033,-0.007719716217722558,-0.0020303633562764934,0.003185185118489162,0.0020772792937195296
0.001286685099730744,-0.00488902746738842,-0.00023953193678957942,0.009358497693436258,0.006987480442938407,0.0004887201054397969,0.01242250747129539,-0.012314676124896269,0.011146232190308783,-0.001301192351522386,0.004540708208095283,-0.00494566498289006,-0.009096214251479665,-0.009507002079504478,0.006359749032623109,-0.009650394713457609,-0.006306010399505669,-0.004396252182822693,0.0030077529801238105,-0.0025314380097907975,0.015110142414900283,0.016373726679337935,-0.0009138610349702546,-0.015614060414128219,-0.00792900214329573,0.008137921624614795,-0.010579532390766293,0.0046348761437726175,-0.011563767029476793,-0.00720214840875812
0.005422726861126484,0.009082525305738814,0.002632923291854242,0.027514450128023085,0.018195886164392484,0.007957434591529441,0.018923194394477944,0.00040606257290563125,-0.005647497248423961,0.009503295417389352,0.01941541576165545,-0.028545177650019952,0.005186476781294832,0.0017625090339330569,0.014774575916404187,-0.009356641891161034,0.013360772004103209,-0.004272894277008009,-0.011990839463318567,0.00123576378153278,0.0039646942222146125,0.004000407866591435,-0.11142283012783218,-0.0073108935481353944,-0.013927308653368477,-0.00248895864486765,-0.002196600127997204,0.009320247801702328,-0.014707922288198534,-0.00410136154753369
-0.009915011500959322,0.012174404455200762,0.01146093042932688,0.012809952010608291,0.0106850330923448,0.017997193532608168,-0.00396088432841549,0.01377948932075208,0.010195951081953812,0.006855199742078839,0.006159138078554664,0.004020977105397687,-0.015946835678379123,0.005995592928498358,-0.012296937885748494,0.004592821051577378,0.01836690887617002,0.0021386746336860022,0.0012023528408639027,-0.012175693491781802,0.03527889782060882,-0.002060048477056384,-0.025706577790400118,-0.012328304822611064,0.009244657557092655,-0.004379383094119298,-0.006926438779877616,0.008098860464496552,0.004009947692283271,-0.015509701738160542
0.005116613877828172,0.00030169047954044204,0.003512212039058875,4.6160924025990826E-05,1.725966417586524E-05,-0.0045450036182464355,-0.0011530382825221215,0.004728375051213296,0.007446878146285566,-0.022453494461837798,0.00300991287050746,-0.00410789186567141,-0.0023502062526951847,0.0032643189413580063,-0.0005500676287516561,-0.007455875215088363,0.008751758070500017,-0.0048542525472089,-0.01715981474918864,0.0009370142545657921,0.0030511331559557016,0.003972124468264389,0.002094982336761714,0.0034281419976392624,0.0006482490281163867,0.002807711488800853,-0.0011078100026711616,0.0036571635788240227,-0.0015018466777476705,-0.015212818655482007
0.0053096944255422995,0.007423582533731672,0.002404291499441827,0.006022856896048597,0.0022981348368024818,0.006922932973544133,0,-6.633946027094347E-05,0.011067325181308919,0.006962593170500377,0.01000842026932813,0.006846634907936976,0.007287916989942295,0.002564342513651545,-0.005240630697938154,0.00967219881009292,0.009891754252747272,0.0034290143160065037,0.007978632222570937,0.0011857595292527104,0.01333410848570935,0.0024002425695715777,0.04534608933291736,0.009107850973712221,0.004003756374675855,0.004707519480142746,0.008522663682160106,0.004968112649589849,0.00997016311767119,0.006381790022298812
-0.0014984751785940306,-0.003088987651455078,-0.005391537814727264,-0.007915371269315843,-0.001302735334423945,0.003086339566798004,0.001792898579319431,-0.0031945133224469784,-0.008068854465566329,0.009924677650242091,-0.004114867391947674,0.007000264489526825,0.0022317742364117866,0.0017386442535122352,0.0011056086032227264,-0.0007221473243204165,-0.003835154141257737,-0.003429014316006503,-0.008493523239302126,0.010793456494725987,0.003095270192140143,-0.0006353623154994487,0.015381139883869922,0.001728631293997614,0.0002766232635808641,-0.005870779482325256,0.012890520848486969,-0.000394281595714554,0.003960417048858989,0.0011640607258515353
0.0013159470067161956,-0.00996141876952881,-0.015151599725906344,0.0037353800911377787,-0.007558562006959507,0.0005637035101071204,-0.004745066637443181,0.006444982772633816,0.005532438987818989,0.00257281320090243,-0.016518600630555873,-0.006683581534314458,-0.0014196294126825298,0.002128207307431888,0.013172515800813935,-0.0003372496143877208,-0.012767585573964171,0.004141942089842465,-0.006944377361634931,-0.002223541907283042,-0.001499507846492007,-0.0012515285287563304,0.004584889392273542,-0.0011751141132004164,-0.0006454793124065631,-0.0006505944652061445,-0.008747428779640938,-0.0010992625430079521,0,0.007045121857619681
-0.0024870835251959533,-0.0028557599293726394,-0.0051555291275817,0.005737250390143373,-0.0021107350082296772,-0.00116500022662438,-0.004896891785862741,0.008704260755520594,0.005240630959309791,0.006828867468277855,-0.008735895733853158,-0.0031709080829820636,-0.003710773185423345,-0.012142457427785521,0.016761650487414372,-0.0031365281119135175,-0.0010198180751574092,-0.0012836142444645584,-0.0016219042305889487,-0.0034067565728173156,-0.005266164412397782,0.0007798555139255491,-0.0003268407054005828,-0.0036034041372802013,0.0028554336766457343,0.00154026794541159,0.009741510366459849,-0.00279565525462419,0.005420052740799944,-0.005435510907683255
